{
    "$schema": "https://schema.management.azure.com/schemas/2015-01-01/deploymentParameters.json#",
    "contentVersion": "1.0.0.0",
    "parameters": {
        "vulnerabilityAssessments_Default_storageContainerPath": {
            "value": null
        },
        "servers_dbserver3tire_name": {
            "value": null
        },
        "bastionHosts_Bastion_name": {
            "value": null
        },
        "virtualMachines_backendvm1_name": {
            "value": null
        },
        "virtualMachines_backendvm2_name": {
            "value": null
        },
        "virtualMachines_frontendvm1_name": {
            "value": null
        },
        "virtualMachines_frontendvm2_name": {
            "value": null
        },
        "virtualNetworks_3_tire_vnet_name": {
            "value": null
        },
        "sshPublicKeys_frontendvm1_key_name": {
            "value": null
        },
        "networkInterfaces_backendvm258_name": {
            "value": null
        },
        "privateEndpoints_demoabconnect_name": {
            "value": null
        },
        "networkInterfaces_backendvm1731_name": {
            "value": null
        },
        "networkInterfaces_frontendvm290_name": {
            "value": null
        },
        "networkInterfaces_frontendvm1373_name": {
            "value": null
        },
        "publicIPAddresses_frontendvm1_ip_name": {
            "value": null
        },
        "publicIPAddresses_frontendvm2_ip_name": {
            "value": null
        },
        "loadBalancers_backendloadbalancer_name": {
            "value": null
        },
        "loadBalancers_frontendloadbalancer_name": {
            "value": null
        },
        "publicIPAddresses_Bastion_public_ip_name": {
            "value": null
        },
        "networkSecurityGroups_backendvm1_nsg_name": {
            "value": null
        },
        "networkSecurityGroups_backendvm2_nsg_name": {
            "value": null
        },
        "networkSecurityGroups_frontendvm1_nsg_name": {
            "value": null
        },
        "networkSecurityGroups_frontendvm2_nsg_name": {
            "value": null
        },
        "autoscalesettings_backendvm1autoscale_name": {
            "value": null
        },
        "availabilitySets_backendavailabilityset_name": {
            "value": null
        },
        "availabilitySets_frontendavailabilityset_name": {
            "value": null
        },
        "autoscalesettings_frontend_scalesetautoscale_name": {
            "value": null
        },
        "publicIPAddresses_frontendloadbalancer_publicip_name": {
            "value": null
        },
        "privateDnsZones_privatelink_database_windows_net_name": {
            "value": null
        },
        "networkInterfaces_demoabconnect_nic_d474cf9e_dbd6_4cf7_9733_74121f6a1fd8_name": {
            "value": null
        },
        "virtualMachineScaleSets_backendvm1_externalid": {
            "value": null
        },
        "virtualMachineScaleSets_frontend_scaleset_externalid": {
            "value": null
        }
    }
}